[
  {
    "id": "madrid",
    "title": "Teaching & Living in Madrid",
    "location": "Madrid",
    "country": "Spain",
    "continent": "Europe",
    "dateRange": { "start": "2024-08-01", "end": null },
    "description": "Currently teaching English while exploring Spanish culture and discovering hidden gems across the Iberian Peninsula. Weekend trips to historic cities, coastal towns, and everything in between.",
    "highlights": [
      "Teaching English to local students",
      "Weekend trips across Spain and Portugal",
      "Learning Castilian Spanish",
      "Exploring Madrid's vibrant neighborhoods"
    ],
    "tags": ["culture", "food", "language learning", "teaching"],
    "status": "past",
    "coordinates": [-3.7038, 40.4168],
    "countryCode": "ESP"
  },
  {
    "id": "barcelona",
    "title": "Barcelona",
    "location": "Barcelona",
    "country": "Spain",
    "continent": "Europe",
    "dateRange": { "start": "2024-09-01", "end": "2024-09-03" },
    "description": "Weekend trip to Barcelona.",
    "status": "past",
    "coordinates": [2.1734, 41.3851],
    "countryCode": "ESP"
  },
  {
    "id": "malaga",
    "title": "M치laga",
    "location": "M치laga",
    "country": "Spain",
    "continent": "Europe",
    "dateRange": { "start": "2024-10-01", "end": "2024-10-02" },
    "description": "Exploring the Costa del Sol.",
    "status": "past",
    "coordinates": [-4.4214, 36.7213],
    "countryCode": "ESP"
  },
  {
    "id": "san-sebastian",
    "title": "San Sebasti치n",
    "location": "San Sebasti치n",
    "country": "Spain",
    "continent": "Europe",
    "dateRange": { "start": "2024-10-15", "end": "2024-10-17" },
    "description": "Basque Country and pintxos.",
    "status": "past",
    "coordinates": [-1.9812, 43.3183],
    "countryCode": "ESP"
  },
  {
    "id": "toledo",
    "title": "Toledo",
    "location": "Toledo",
    "country": "Spain",
    "continent": "Europe",
    "dateRange": { "start": "2024-11-01", "end": "2024-11-01" },
    "description": "Medieval city near Madrid.",
    "status": "past",
    "coordinates": [-4.0226, 39.8628],
    "countryCode": "ESP"
  },
  {
    "id": "segovia",
    "title": "Segovia",
    "location": "Segovia",
    "country": "Spain",
    "continent": "Europe",
    "dateRange": { "start": "2024-11-08", "end": "2024-11-08" },
    "description": "Roman aqueduct and castles.",
    "status": "past",
    "coordinates": [-4.1248, 40.9429],
    "countryCode": "ESP"
  },
  {
    "id": "granada",
    "title": "Granada",
    "location": "Granada",
    "country": "Spain",
    "continent": "Europe",
    "dateRange": { "start": "2024-12-01", "end": "2024-12-03" },
    "description": "Alhambra and Moorish architecture.",
    "status": "past",
    "coordinates": [-3.5986, 37.1773],
    "countryCode": "ESP"
  },
  {
    "id": "las-palmas",
    "title": "Las Palmas",
    "location": "Las Palmas",
    "country": "Spain",
    "continent": "Europe",
    "dateRange": { "start": "2025-01-10", "end": "2025-01-15" },
    "description": "Canary Islands getaway.",
    "status": "past",
    "coordinates": [-15.4363, 28.1248],
    "countryCode": "ESP"
  },
  {
    "id": "valencia",
    "title": "Valencia",
    "location": "Valencia",
    "country": "Spain",
    "continent": "Europe",
    "dateRange": { "start": "2025-02-01", "end": "2025-02-03" },
    "description": "City of Arts and Sciences.",
    "status": "past",
    "coordinates": [-0.3763, 39.4699],
    "countryCode": "ESP"
  },
  {
    "id": "copenhagen",
    "title": "Copenhagen",
    "location": "Copenhagen",
    "country": "Denmark",
    "continent": "Europe",
    "dateRange": { "start": "2023-06-01", "end": "2023-06-05" },
    "description": "Scandinavian culture and design.",
    "status": "past",
    "coordinates": [12.5683, 55.6761],
    "countryCode": "DNK"
  },
  {
    "id": "london",
    "title": "London",
    "location": "London",
    "country": "United Kingdom",
    "continent": "Europe",
    "dateRange": { "start": "2023-07-01", "end": "2023-07-07" },
    "description": "Exploring the British capital.",
    "status": "past",
    "coordinates": [-0.1278, 51.5074],
    "countryCode": "GBR"
  },
  {
    "id": "amsterdam",
    "title": "Amsterdam",
    "location": "Amsterdam",
    "country": "Netherlands",
    "continent": "Europe",
    "dateRange": { "start": "2023-08-01", "end": "2023-08-04" },
    "description": "Canals and culture.",
    "status": "past",
    "coordinates": [4.9041, 52.3676],
    "countryCode": "NLD"
  },
  {
    "id": "prague",
    "title": "Prague",
    "location": "Prague",
    "country": "Czech Republic",
    "continent": "Europe",
    "dateRange": { "start": "2023-09-01", "end": "2023-09-05" },
    "description": "Historic Old Town and castles.",
    "status": "past",
    "coordinates": [14.4378, 50.0755],
    "countryCode": "CZE"
  },
  {
    "id": "budapest",
    "title": "Budapest",
    "location": "Budapest",
    "country": "Hungary",
    "continent": "Europe",
    "dateRange": { "start": "2023-09-15", "end": "2023-09-19" },
    "description": "Thermal baths and the Danube.",
    "status": "past",
    "coordinates": [19.0402, 47.4979],
    "countryCode": "HUN"
  },
  {
    "id": "paris",
    "title": "Paris",
    "location": "Paris",
    "country": "France",
    "continent": "Europe",
    "dateRange": { "start": "2023-10-01", "end": "2023-10-06" },
    "description": "The City of Light.",
    "status": "past",
    "coordinates": [2.3522, 48.8566],
    "countryCode": "FRA"
  },
  {
    "id": "berlin",
    "title": "Berlin",
    "location": "Berlin",
    "country": "Germany",
    "continent": "Europe",
    "dateRange": { "start": "2023-11-01", "end": "2023-11-05" },
    "description": "History and modern culture.",
    "status": "past",
    "coordinates": [13.4050, 52.5200],
    "countryCode": "DEU"
  },
  {
    "id": "porto",
    "title": "Porto",
    "location": "Porto",
    "country": "Portugal",
    "continent": "Europe",
    "dateRange": { "start": "2024-09-10", "end": "2024-09-13" },
    "description": "Port wine and riverside views.",
    "status": "past",
    "coordinates": [-8.6291, 41.1579],
    "countryCode": "PRT"
  },
  {
    "id": "douro-valley",
    "title": "Douro Valley",
    "location": "Douro Valley",
    "country": "Portugal",
    "continent": "Europe",
    "dateRange": { "start": "2024-09-14", "end": "2024-09-15" },
    "description": "Wine region along the Douro River.",
    "status": "past",
    "coordinates": [-7.8, 41.2],
    "countryCode": "PRT"
  },
  {
    "id": "lisbon",
    "title": "Lisbon",
    "location": "Lisbon",
    "country": "Portugal",
    "continent": "Europe",
    "dateRange": { "start": "2024-09-16", "end": "2024-09-20" },
    "description": "Colorful hills and coastal charm.",
    "status": "past",
    "coordinates": [-9.1393, 38.7223],
    "countryCode": "PRT"
  },
  {
    "id": "sintra",
    "title": "Sintra",
    "location": "Sintra",
    "country": "Portugal",
    "continent": "Europe",
    "dateRange": { "start": "2024-09-21", "end": "2024-09-21" },
    "description": "Fairytale palaces in the mountains.",
    "status": "past",
    "coordinates": [-9.3908, 38.8029],
    "countryCode": "PRT"
  },
  {
    "id": "florence",
    "title": "Florence",
    "location": "Florence",
    "country": "Italy",
    "continent": "Europe",
    "dateRange": { "start": "2022-05-01", "end": "2022-05-06" },
    "description": "Renaissance art and architecture.",
    "status": "past",
    "coordinates": [11.2558, 43.7696],
    "countryCode": "ITA"
  },
  {
    "id": "rome",
    "title": "Rome",
    "location": "Rome",
    "country": "Italy",
    "continent": "Europe",
    "dateRange": { "start": "2022-05-07", "end": "2022-05-12" },
    "description": "Ancient history and Italian cuisine.",
    "status": "past",
    "coordinates": [12.4964, 41.9028],
    "countryCode": "ITA"
  },
  {
    "id": "venice",
    "title": "Venice",
    "location": "Venice",
    "country": "Italy",
    "continent": "Europe",
    "dateRange": { "start": "2022-06-01", "end": "2022-06-04" },
    "description": "Canals and gondolas.",
    "status": "past",
    "coordinates": [12.3155, 45.4408],
    "countryCode": "ITA"
  },
  {
    "id": "merano",
    "title": "Merano",
    "location": "Merano",
    "country": "Italy",
    "continent": "Europe",
    "dateRange": { "start": "2022-06-15", "end": "2022-06-17" },
    "description": "Alpine town in South Tyrol.",
    "status": "past",
    "coordinates": [11.1600, 46.6687],
    "countryCode": "ITA"
  },
  {
    "id": "veneto-towns",
    "title": "Veneto Small Towns",
    "location": "Veneto region towns",
    "country": "Italy",
    "continent": "Europe",
    "dateRange": { "start": "2022-07-01", "end": "2022-08-21" },
    "description": "Exploring small towns across the Veneto region including Padua, Vo', Monselice, Este, and Rovigo.",
    "status": "past",
    "coordinates": [11.7679, 45.2533],
    "countryCode": "ITA"
  },
  {
    "id": "chioggia",
    "title": "Chioggia",
    "location": "Chioggia",
    "country": "Italy",
    "continent": "Europe",
    "dateRange": { "start": "2022-07-03", "end": "2022-07-03" },
    "description": "Little Venice by the sea.",
    "status": "past",
    "coordinates": [12.2797, 45.2186],
    "countryCode": "ITA"
  },
  {
    "id": "pescara",
    "title": "Spoltore/Pescara",
    "location": "Spoltore/Pescara",
    "country": "Italy",
    "continent": "Europe",
    "dateRange": { "start": "2022-08-01", "end": "2022-08-05" },
    "description": "Adriatic coast town.",
    "status": "past",
    "coordinates": [14.1122, 42.4618],
    "countryCode": "ITA"
  },
  {
    "id": "dublin",
    "title": "Dublin",
    "location": "Dublin",
    "country": "Ireland",
    "continent": "Europe",
    "dateRange": { "start": "2023-12-01", "end": "2023-12-05" },
    "description": "Irish culture and pubs.",
    "status": "past",
    "coordinates": [-6.2603, 53.3498],
    "countryCode": "IRL"
  },
  {
    "id": "ljubljana",
    "title": "Ljubljana",
    "location": "Ljubljana",
    "country": "Slovenia",
    "continent": "Europe",
    "dateRange": { "start": "2023-05-01", "end": "2023-05-04" },
    "description": "Charming capital with castle views.",
    "status": "past",
    "coordinates": [14.5058, 46.0569],
    "countryCode": "SVN"
  },
  {
    "id": "brussels",
    "title": "Brussels",
    "location": "Brussels",
    "country": "Belgium",
    "continent": "Europe",
    "dateRange": { "start": "2023-04-01", "end": "2023-04-04" },
    "description": "European capital with Belgian waffles.",
    "status": "past",
    "coordinates": [4.3517, 50.8503],
    "countryCode": "BEL"
  },
  {
    "id": "vienna",
    "title": "Vienna",
    "location": "Vienna",
    "country": "Austria",
    "continent": "Europe",
    "dateRange": { "start": "2023-03-01", "end": "2023-03-06" },
    "description": "Imperial palaces and coffee culture.",
    "status": "past",
    "coordinates": [16.3738, 48.2082],
    "countryCode": "AUT"
  },
  {
    "id": "monte-carlo",
    "title": "Monte Carlo",
    "location": "Monte Carlo",
    "country": "Monaco",
    "continent": "Europe",
    "dateRange": { "start": "2022-04-15", "end": "2022-04-16" },
    "description": "Luxury and casinos on the Riviera.",
    "status": "past",
    "coordinates": [7.4246, 43.7384],
    "countryCode": "MCO"
  },
  {
    "id": "nice",
    "title": "Nice",
    "location": "Nice",
    "country": "France",
    "continent": "Europe",
    "dateRange": { "start": "2022-04-10", "end": "2022-04-14" },
    "description": "French Riviera beaches.",
    "status": "past",
    "coordinates": [7.2619, 43.7102],
    "countryCode": "FRA"
  },
  {
    "id": "tangier",
    "title": "Tangier",
    "location": "Tangier",
    "country": "Morocco",
    "continent": "Africa",
    "dateRange": { "start": "2024-11-15", "end": "2024-11-17" },
    "description": "Gateway between Europe and Africa.",
    "status": "past",
    "coordinates": [-5.8094, 35.7595],
    "countryCode": "MAR"
  },
  {
    "id": "chefchaouen",
    "title": "Chefchaouen",
    "location": "Chefchaouen",
    "country": "Morocco",
    "continent": "Africa",
    "dateRange": { "start": "2024-11-18", "end": "2024-11-19" },
    "description": "The Blue Pearl of Morocco.",
    "status": "past",
    "coordinates": [-5.2689, 35.1689],
    "countryCode": "MAR"
  },
  {
    "id": "asilah",
    "title": "Asilah",
    "location": "Asilah",
    "country": "Morocco",
    "continent": "Africa",
    "dateRange": { "start": "2024-11-20", "end": "2024-11-20" },
    "description": "Coastal art town with murals.",
    "status": "past",
    "coordinates": [-6.0367, 35.4652],
    "countryCode": "MAR"
  },
  {
    "id": "cozumel",
    "title": "Cozumel",
    "location": "Cozumel",
    "country": "Mexico",
    "continent": "NorthAmerica",
    "dateRange": { "start": "2023-01-15", "end": "2023-01-20" },
    "description": "Caribbean island paradise.",
    "status": "past",
    "coordinates": [-86.9523, 20.5083],
    "countryCode": "MEX"
  },
  {
    "id": "havana",
    "title": "Havana",
    "location": "Havana",
    "country": "Cuba",
    "continent": "NorthAmerica",
    "dateRange": { "start": "2023-02-01", "end": "2023-02-05" },
    "description": "Historic Cuban capital.",
    "status": "past",
    "coordinates": [-82.3666, 23.1136],
    "countryCode": "CUB"
  },
  {
    "id": "providenciales",
    "title": "Providenciales",
    "location": "Providenciales",
    "country": "Turks and Caicos",
    "continent": "NorthAmerica",
    "dateRange": { "start": "2023-03-10", "end": "2023-03-15" },
    "description": "Turquoise waters and pristine beaches.",
    "status": "past",
    "coordinates": [-72.2656, 21.7854],
    "countryCode": "TCA"
  },
  {
    "id": "san-juan",
    "title": "San Juan",
    "location": "San Juan",
    "country": "Puerto Rico",
    "continent": "NorthAmerica",
    "dateRange": { "start": "2023-04-05", "end": "2023-04-10" },
    "description": "Colorful colonial architecture and Caribbean vibes.",
    "status": "past",
    "coordinates": [-66.1057, 18.4655],
    "countryCode": "PRI"
  },
  {
    "id": "nyc",
    "title": "New York City",
    "location": "NYC",
    "country": "United States",
    "continent": "NorthAmerica",
    "dateRange": { "start": "2022-05-15", "end": "2022-05-20" },
    "description": "The city that never sleeps.",
    "status": "past",
    "coordinates": [-74.0060, 40.7128],
    "countryCode": "USA"
  },
  {
    "id": "san-francisco",
    "title": "San Francisco",
    "location": "SF",
    "country": "United States",
    "continent": "NorthAmerica",
    "dateRange": { "start": "2022-06-01", "end": "2022-06-06" },
    "description": "Golden Gate Bridge and tech culture.",
    "status": "past",
    "coordinates": [-122.4194, 37.7749],
    "countryCode": "USA"
  },
  {
    "id": "miami",
    "title": "Miami",
    "location": "Miami",
    "country": "United States",
    "continent": "NorthAmerica",
    "dateRange": { "start": "2022-07-10", "end": "2022-07-15" },
    "description": "Sun, beaches, and vibrant nightlife.",
    "status": "past",
    "coordinates": [-80.1918, 25.7617],
    "countryCode": "USA"
  },
  {
    "id": "washington-dc",
    "title": "Washington DC",
    "location": "DC",
    "country": "United States",
    "continent": "NorthAmerica",
    "dateRange": { "start": "2022-08-05", "end": "2022-08-10" },
    "description": "Nation's capital with monuments and museums.",
    "status": "past",
    "coordinates": [-77.0369, 38.9072],
    "countryCode": "USA"
  },
  {
    "id": "seattle",
    "title": "Seattle",
    "location": "Seattle",
    "country": "United States",
    "continent": "NorthAmerica",
    "dateRange": { "start": "2022-09-01", "end": "2022-09-05" },
    "description": "Pacific Northwest coffee and tech hub.",
    "status": "past",
    "coordinates": [-122.3321, 47.6062],
    "countryCode": "USA"
  },
  {
    "id": "salt-lake-city",
    "title": "Salt Lake City",
    "location": "SLC",
    "country": "United States",
    "continent": "NorthAmerica",
    "dateRange": { "start": "2022-10-10", "end": "2022-10-13" },
    "description": "Mountain city with outdoor adventures.",
    "status": "past",
    "coordinates": [-111.8910, 40.7608],
    "countryCode": "USA"
  },
  {
    "id": "philadelphia",
    "title": "Philadelphia",
    "location": "Philadelphia",
    "country": "United States",
    "continent": "NorthAmerica",
    "dateRange": { "start": "2022-11-01", "end": "2022-11-04" },
    "description": "Historic city of American independence.",
    "status": "past",
    "coordinates": [-75.1652, 39.9526],
    "countryCode": "USA"
  },
  {
    "id": "boston",
    "title": "Boston",
    "location": "Boston",
    "country": "United States",
    "continent": "NorthAmerica",
    "dateRange": { "start": "2022-12-01", "end": "2022-12-05" },
    "description": "New England charm and rich history.",
    "status": "past",
    "coordinates": [-71.0589, 42.3601],
    "countryCode": "USA"
  },
  {
    "id": "denver",
    "title": "Denver",
    "location": "Denver",
    "country": "United States",
    "continent": "NorthAmerica",
    "dateRange": { "start": "2021-08-15", "end": "2021-08-20" },
    "description": "Mile High City and gateway to the Rockies.",
    "status": "past",
    "coordinates": [-104.9903, 39.7392],
    "countryCode": "USA"
  },
  {
    "id": "atlanta",
    "title": "Atlanta",
    "location": "Atlanta",
    "country": "United States",
    "continent": "NorthAmerica",
    "dateRange": { "start": "2021-09-10", "end": "2021-09-14" },
    "description": "Southern hospitality and modern culture.",
    "status": "past",
    "coordinates": [-84.3880, 33.7490],
    "countryCode": "USA"
  },
  {
    "id": "chicago",
    "title": "Chicago",
    "location": "Chicago",
    "country": "United States",
    "continent": "NorthAmerica",
    "dateRange": { "start": "2021-10-01", "end": "2021-10-06" },
    "description": "Windy City with deep-dish pizza and architecture.",
    "status": "past",
    "coordinates": [-87.6298, 41.8781],
    "countryCode": "USA"
  },
  {
    "id": "las-vegas",
    "title": "Las Vegas",
    "location": "Las Vegas",
    "country": "United States",
    "continent": "NorthAmerica",
    "dateRange": { "start": "2021-11-15", "end": "2021-11-18" },
    "description": "Entertainment capital of the world.",
    "status": "past",
    "coordinates": [-115.1398, 36.1699],
    "countryCode": "USA"
  },
  {
    "id": "charlotte",
    "title": "Charlotte",
    "location": "Charlotte",
    "country": "United States",
    "continent": "NorthAmerica",
    "dateRange": { "start": "2021-12-10", "end": "2021-12-14" },
    "description": "Queen City of the South.",
    "status": "past",
    "coordinates": [-80.8431, 35.2271],
    "countryCode": "USA"
  }
]
